{
    "list": [
      {
        "id": 1270260,
        "name": "State of Haryāna",
        "country": "IN",
        "coord": {
          "lon": 76,
          "lat": 29
        }
      },
      {
        "id": 1269750,
        "name": "Republic of India",
        "country": "IN",
        "coord": {
          "lon": 77,
          "lat": 20
        }
      },
      {
        "id": 1271231,
        "name": "Ghūra",
        "country": "IN",
        "coord": {
          "lon": 79.883331,
          "lat": 24.766666
        }
      },
      {
        "id": 1257986,
        "name": "Rumbak",
        "country": "IN",
        "coord": {
          "lon": 77.416664,
          "lat": 34.049999
        }
      },
      {
        "id": 1348747,
        "name": "Bankra",
        "country": "IN",
        "coord": {
          "lon": 88.298058,
          "lat": 22.627501
        }
      },
      {
        "id": 1252738,
        "name": "Yeola",
        "country": "IN",
        "coord": {
          "lon": 74.48333,
          "lat": 20.033331
        }
      },
      {
        "id": 1252744,
        "name": "Yellapur",
        "country": "IN",
        "coord": {
          "lon": 74.716667,
          "lat": 14.96667
        }
      },
      {
        "id": 1252773,
        "name": "Yaval",
        "country": "IN",
        "coord": {
          "lon": 75.699997,
          "lat": 21.16667
        }
      },
      {
        "id": 1252840,
        "name": "Wokha",
        "country": "IN",
        "coord": {
          "lon": 94.26667,
          "lat": 26.1
        }
      },
      {
        "id": 1252925,
        "name": "Warora",
        "country": "IN",
        "coord": {
          "lon": 79,
          "lat": 20.23333
        }
      },
      {
        "id": 1252946,
        "name": "Waraseoni",
        "country": "IN",
        "coord": {
          "lon": 80.033333,
          "lat": 21.75
        }
      },
      {
        "id": 1253041,
        "name": "Wadi",
        "country": "IN",
        "coord": {
          "lon": 76.98333,
          "lat": 17.066669
        }
      },
      {
        "id": 1253132,
        "name": "Virarajendrapet",
        "country": "IN",
        "coord": {
          "lon": 75.800003,
          "lat": 12.2
        }
      },
      {
        "id": 1253133,
        "name": "Virar",
        "country": "IN",
        "coord": {
          "lon": 72.800003,
          "lat": 19.466669
        }
      },
      {
        "id": 1253219,
        "name": "Vettaikkaranpudur",
        "country": "IN",
        "coord": {
          "lon": 76.933327,
          "lat": 10.56667
        }
      },
      {
        "id": 1253330,
        "name": "Vedaraniyam",
        "country": "IN",
        "coord": {
          "lon": 79.849998,
          "lat": 10.36667
        }
      },
      {
        "id": 1253340,
        "name": "Vayalar",
        "country": "IN",
        "coord": {
          "lon": 76.333328,
          "lat": 9.7
        }
      },
      {
        "id": 1253357,
        "name": "Vasudevanallur",
        "country": "IN",
        "coord": {
          "lon": 77.416672,
          "lat": 9.23333
        }
      },
      {
        "id": 1253605,
        "name": "Vadakku Valliyur",
        "country": "IN",
        "coord": {
          "lon": 77.650002,
          "lat": 8.38333
        }
      },
      {
        "id": 1253671,
        "name": "Usilampatti",
        "country": "IN",
        "coord": {
          "lon": 77.800003,
          "lat": 9.96667
        }
      },
      {
        "id": 1253698,
        "name": "Uravakonda",
        "country": "IN",
        "coord": {
          "lon": 77.26667,
          "lat": 14.95
        }
      },
      {
        "id": 1253702,
        "name": "Uran",
        "country": "IN",
        "coord": {
          "lon": 72.93972,
          "lat": 18.87694
        }
      },
      {
        "id": 1253736,
        "name": "Upleta",
        "country": "IN",
        "coord": {
          "lon": 70.283333,
          "lat": 21.73333
        }
      },
      {
        "id": 1253744,
        "name": "Uppal Kalan",
        "country": "IN",
        "coord": {
          "lon": 78.559113,
          "lat": 17.405769
        }
      },
      {
        "id": 1253747,
        "name": "Unnao",
        "country": "IN",
        "coord": {
          "lon": 80.5,
          "lat": 26.533331
        }
      },
      {
        "id": 1253750,
        "name": "Unjha",
        "country": "IN",
        "coord": {
          "lon": 72.400002,
          "lat": 23.799999
        }
      },
      {
        "id": 1253786,
        "name": "Un",
        "country": "IN",
        "coord": {
          "lon": 71.76667,
          "lat": 23.883329
        }
      },
      {
        "id": 1253805,
        "name": "Umreth",
        "country": "IN",
        "coord": {
          "lon": 73.116669,
          "lat": 22.700001
        }
      },
      {
        "id": 1253807,
        "name": "Umred",
        "country": "IN",
        "coord": {
          "lon": 79.333328,
          "lat": 20.85
        }
      },
      {
        "id": 1254043,
        "name": "Turaiyur",
        "country": "IN",
        "coord": {
          "lon": 78.616669,
          "lat": 11.16667
        }
      },
      {
        "id": 1254282,
        "name": "Todaraisingh",
        "country": "IN",
        "coord": {
          "lon": 75.48333,
          "lat": 26.01667
        }
      },
      {
        "id": 1254304,
        "name": "Titlagarh",
        "country": "IN",
        "coord": {
          "lon": 83.150002,
          "lat": 20.299999
        }
      },
      {
        "id": 1254317,
        "name": "Tisaiyanvilai",
        "country": "IN",
        "coord": {
          "lon": 77.883331,
          "lat": 8.33333
        }
      },
      {
        "id": 1254335,
        "name": "Tiruvalla",
        "country": "IN",
        "coord": {
          "lon": 76.566673,
          "lat": 9.38333
        }
      },
      {
        "id": 1254727,
        "name": "Terdal",
        "country": "IN",
        "coord": {
          "lon": 75.050003,
          "lat": 16.5
        }
      },
      {
        "id": 1254732,
        "name": "Teonthar",
        "country": "IN",
        "coord": {
          "lon": 81.650002,
          "lat": 24.98333
        }
      },
      {
        "id": 1254794,
        "name": "Tekkali",
        "country": "IN",
        "coord": {
          "lon": 84.23333,
          "lat": 18.616671
        }
      },
      {
        "id": 1254797,
        "name": "Tekari",
        "country": "IN",
        "coord": {
          "lon": 84.833328,
          "lat": 24.933331
        }
      },
      {
        "id": 1254868,
        "name": "Tarn Taran",
        "country": "IN",
        "coord": {
          "lon": 74.925278,
          "lat": 31.450001
        }
      },
      {
        "id": 1254909,
        "name": "Tarana",
        "country": "IN",
        "coord": {
          "lon": 76.033333,
          "lat": 23.33333
        }
      },
      {
        "id": 1254953,
        "name": "Tanuku",
        "country": "IN",
        "coord": {
          "lon": 81.699997,
          "lat": 16.75
        }
      },
      {
        "id": 1255027,
        "name": "Tanakpur",
        "country": "IN",
        "coord": {
          "lon": 80.116669,
          "lat": 29.08333
        }
      },
      {
        "id": 1255076,
        "name": "Talwara",
        "country": "IN",
        "coord": {
          "lon": 75.866669,
          "lat": 31.94861
        }
      },
      {
        "id": 1255104,
        "name": "Taloda",
        "country": "IN",
        "coord": {
          "lon": 74.216667,
          "lat": 21.566669
        }
      },
      {
        "id": 1255121,
        "name": "Taliparamba",
        "country": "IN",
        "coord": {
          "lon": 75.349998,
          "lat": 12.05
        }
      },
      {
        "id": 1255131,
        "name": "Taleigao",
        "country": "IN",
        "coord": {
          "lon": 73.800003,
          "lat": 15.46667
        }
      },
      {
        "id": 1255211,
        "name": "Taki",
        "country": "IN",
        "coord": {
          "lon": 88.921387,
          "lat": 22.586109
        }
      },
      {
        "id": 1255344,
        "name": "Suriapet",
        "country": "IN",
        "coord": {
          "lon": 79.616669,
          "lat": 17.15
        }
      },
      {
        "id": 1255483,
        "name": "Suluru",
        "country": "IN",
        "coord": {
          "lon": 80.01667,
          "lat": 13.7
        }
      },
      {
        "id": 1255488,
        "name": "Sultanpur",
        "country": "IN",
        "coord": {
          "lon": 75.199722,
          "lat": 31.215281
        }
      },
      {
        "id": 1255551,
        "name": "Suket",
        "country": "IN",
        "coord": {
          "lon": 76.033333,
          "lat": 24.65
        }
      },
      {
        "id": 1255597,
        "name": "Suar",
        "country": "IN",
        "coord": {
          "lon": 79.050003,
          "lat": 29.033331
        }
      },
      {
        "id": 1255620,
        "name": "Srivaikuntam",
        "country": "IN",
        "coord": {
          "lon": 77.933327,
          "lat": 8.61667
        }
      },
      {
        "id": 1255621,
        "name": "Srisailam",
        "country": "IN",
        "coord": {
          "lon": 78.866669,
          "lat": 16.08333
        }
      },
      {
        "id": 1255625,
        "name": "Sriramnagar",
        "country": "IN",
        "coord": {
          "lon": 78.25544,
          "lat": 17.26652
        }
      },
      {
        "id": 1255630,
        "name": "Sriperumbudur",
        "country": "IN",
        "coord": {
          "lon": 79.948891,
          "lat": 12.96889
        }
      },
      {
        "id": 1255714,
        "name": "Sopur",
        "country": "IN",
        "coord": {
          "lon": 74.466667,
          "lat": 34.299999
        }
      },
      {
        "id": 1255762,
        "name": "Songadh",
        "country": "IN",
        "coord": {
          "lon": 73.566673,
          "lat": 21.16667
        }
      },
      {
        "id": 1255788,
        "name": "Sonari",
        "country": "IN",
        "coord": {
          "lon": 95.033333,
          "lat": 27.066669
        }
      },
      {
        "id": 1255860,
        "name": "Sojat",
        "country": "IN",
        "coord": {
          "lon": 73.666672,
          "lat": 25.91667
        }
      },
      {
        "id": 1255884,
        "name": "Sohagpur",
        "country": "IN",
        "coord": {
          "lon": 78.199997,
          "lat": 22.700001
        }
      },
      {
        "id": 1255925,
        "name": "Siwana",
        "country": "IN",
        "coord": {
          "lon": 72.416672,
          "lat": 25.633329
        }
      },
      {
        "id": 1255927,
        "name": "Siwan",
        "country": "IN",
        "coord": {
          "lon": 84.366669,
          "lat": 26.216669
        }
      },
      {
        "id": 1255963,
        "name": "Sitarganj",
        "country": "IN",
        "coord": {
          "lon": 79.699997,
          "lat": 28.933331
        }
      },
      {
        "id": 1256029,
        "name": "Siruguppa",
        "country": "IN",
        "coord": {
          "lon": 76.900002,
          "lat": 15.63333
        }
      },
      {
        "id": 1256039,
        "name": "Sirsilla",
        "country": "IN",
        "coord": {
          "lon": 78.833328,
          "lat": 18.383329
        }
      },
      {
        "id": 1256176,
        "name": "Singarayakonda",
        "country": "IN",
        "coord": {
          "lon": 80.033333,
          "lat": 15.25
        }
      },
      {
        "id": 1256184,
        "name": "Singanallur",
        "country": "IN",
        "coord": {
          "lon": 77.01667,
          "lat": 11
        }
      },
      {
        "id": 1256333,
        "name": "Sikka",
        "country": "IN",
        "coord": {
          "lon": 69.833328,
          "lat": 22.433331
        }
      },
      {
        "id": 1256369,
        "name": "Sidhi",
        "country": "IN",
        "coord": {
          "lon": 81.883331,
          "lat": 24.41667
        }
      },
      {
        "id": 1256372,
        "name": "Sidhauli",
        "country": "IN",
        "coord": {
          "lon": 80.833328,
          "lat": 27.283331
        }
      },
      {
        "id": 1256382,
        "name": "Siddhapur",
        "country": "IN",
        "coord": {
          "lon": 72.383331,
          "lat": 23.91667
        }
      },
      {
        "id": 1256418,
        "name": "Shujalpur",
        "country": "IN",
        "coord": {
          "lon": 76.716667,
          "lat": 23.4
        }
      },
      {
        "id": 1256539,
        "name": "Shiggaon",
        "country": "IN",
        "coord": {
          "lon": 75.23333,
          "lat": 15
        }
      },
      {
        "id": 1256558,
        "name": "Shertallai",
        "country": "IN",
        "coord": {
          "lon": 76.333328,
          "lat": 9.7
        }
      },
      {
        "id": 1256722,
        "name": "Shahpur",
        "country": "IN",
        "coord": {
          "lon": 76.833328,
          "lat": 16.700001
        }
      },
      {
        "id": 1256913,
        "name": "Sehore",
        "country": "IN",
        "coord": {
          "lon": 77.083328,
          "lat": 23.200001
        }
      },
      {
        "id": 1256922,
        "name": "Secunderabad",
        "country": "IN",
        "coord": {
          "lon": 78.542633,
          "lat": 17.504271
        }
      },
      {
        "id": 1256929,
        "name": "Sayla",
        "country": "IN",
        "coord": {
          "lon": 71.466667,
          "lat": 22.549999
        }
      },
      {
        "id": 1256959,
        "name": "Savda",
        "country": "IN",
        "coord": {
          "lon": 75.883331,
          "lat": 21.15
        }
      },
      {
        "id": 1256989,
        "name": "Sathyamangalam",
        "country": "IN",
        "coord": {
          "lon": 77.25,
          "lat": 11.51667
        }
      },
      {
        "id": 1257093,
        "name": "Sarwar",
        "country": "IN",
        "coord": {
          "lon": 75,
          "lat": 26.066669
        }
      },
      {
        "id": 1257191,
        "name": "Sardulgarh",
        "country": "IN",
        "coord": {
          "lon": 75.25,
          "lat": 29.700001
        }
      },
      {
        "id": 1257198,
        "name": "Sardarshahr",
        "country": "IN",
        "coord": {
          "lon": 74.48333,
          "lat": 28.433331
        }
      },
      {
        "id": 1257307,
        "name": "Saoner",
        "country": "IN",
        "coord": {
          "lon": 78.900002,
          "lat": 21.383329
        }
      },
      {
        "id": 1257409,
        "name": "Sangola",
        "country": "IN",
        "coord": {
          "lon": 75.199997,
          "lat": 17.433331
        }
      },
      {
        "id": 1257410,
        "name": "Sangod",
        "country": "IN",
        "coord": {
          "lon": 76.283333,
          "lat": 24.91667
        }
      },
      {
        "id": 1257429,
        "name": "Sangaria",
        "country": "IN",
        "coord": {
          "lon": 74.449997,
          "lat": 29.799999
        }
      },
      {
        "id": 1257456,
        "name": "Sandur",
        "country": "IN",
        "coord": {
          "lon": 76.550003,
          "lat": 15.1
        }
      },
      {
        "id": 1257477,
        "name": "Sanchor",
        "country": "IN",
        "coord": {
          "lon": 71.772217,
          "lat": 24.75528
        }
      },
      {
        "id": 1257481,
        "name": "Sanawad",
        "country": "IN",
        "coord": {
          "lon": 76.066673,
          "lat": 22.183331
        }
      },
      {
        "id": 1257528,
        "name": "Samdari",
        "country": "IN",
        "coord": {
          "lon": 72.583328,
          "lat": 25.816669
        }
      },
      {
        "id": 1257542,
        "name": "Sambalpur",
        "country": "IN",
        "coord": {
          "lon": 83.966667,
          "lat": 21.450001
        }
      },
      {
        "id": 1257698,
        "name": "Sakleshpur",
        "country": "IN",
        "coord": {
          "lon": 75.783333,
          "lat": 12.96667
        }
      },
      {
        "id": 1257751,
        "name": "Sainthia",
        "country": "IN",
        "coord": {
          "lon": 87.666672,
          "lat": 23.950001
        }
      },
      {
        "id": 1257936,
        "name": "Rusera",
        "country": "IN",
        "coord": {
          "lon": 86.033333,
          "lat": 25.75
        }
      },
      {
        "id": 1258111,
        "name": "Robertsganj",
        "country": "IN",
        "coord": {
          "lon": 83.066673,
          "lat": 24.700001
        }
      },
      {
        "id": 1258229,
        "name": "Remuna",
        "country": "IN",
        "coord": {
          "lon": 86.872223,
          "lat": 21.52611
        }
      },
      {
        "id": 1258247,
        "name": "Rehli",
        "country": "IN",
        "coord": {
          "lon": 79.083328,
          "lat": 23.633329
        }
      },
      {
        "id": 1258278,
        "name": "Raybag",
        "country": "IN",
        "coord": {
          "lon": 74.783333,
          "lat": 16.48333
        }
      }
    ]
  }